id,gender,missing_fields
LG-R01-001,male,mood
LG-R01-001,female,mood
LG-R01-002,male,mood
LG-R01-002,female,mood
LG-R01-003,male,mood
LG-R01-003,female,mood
LG-R01-004,male,mood
LG-R01-004,female,mood
LG-R01-005,male,mood
LG-R01-005,female,mood
LG-R01-006,male,mood
LG-R01-006,female,mood
LG-R01-007,male,mood
LG-R01-007,female,mood
LG-R01-008,male,mood
LG-R01-008,female,mood
LG-R01-009,male,mood
LG-R01-009,female,mood
LG-R01-010,male,mood
LG-R01-010,female,mood
LG-R01-011,male,mood
LG-R01-011,female,mood
LG-R01-012,male,mood
LG-R01-012,female,mood
LG-R01-013,male,mood
LG-R01-013,female,mood
LG-R01-014,male,mood
LG-R01-014,female,mood
LG-R01-015,male,mood
LG-R01-015,female,mood
LG-R01-016,male,mood
LG-R01-016,female,mood
LG-R01-017,male,mood
LG-R01-017,female,mood
LG-R01-018,male,mood
LG-R01-018,female,mood
LG-R01-019,male,mood
LG-R01-019,female,mood
LG-R01-020,male,mood
LG-R01-020,female,mood
LG-R01-021,male,mood
LG-R01-021,female,mood
LG-R01-022,male,mood
LG-R01-022,female,mood
LG-R01-023,male,mood
LG-R01-023,female,mood
LG-R01-024,male,mood
LG-R01-024,female,mood
LG-R01-025,male,mood
LG-R01-025,female,mood
LG-R01-026,male,mood
LG-R01-026,female,mood
LG-R01-027,male,mood
LG-R01-027,female,mood
LG-R01-028,male,mood
LG-R01-028,female,mood
LG-R01-029,male,mood
LG-R01-029,female,mood
LG-R01-030,male,mood
LG-R01-030,female,mood
LG-R01-031,male,mood
LG-R01-031,female,mood
LG-R01-032,male,mood
LG-R01-032,female,mood
LG-R01-033,male,mood
LG-R01-033,female,mood
LG-R01-034,male,mood
LG-R01-034,female,mood
LG-R01-035,male,mood
LG-R01-035,female,mood
LG-R01-036,male,mood
LG-R01-036,female,mood
LG-R01-037,male,mood
LG-R01-037,female,mood
LG-R01-038,male,mood
LG-R01-038,female,mood
LG-R01-039,male,mood
LG-R01-039,female,mood
LG-R01-040,male,mood
LG-R01-040,female,mood
LG-R01-041,male,mood
LG-R01-041,female,mood
LG-R01-042,male,mood
LG-R01-042,female,mood
LG-R01-043,male,mood
LG-R01-043,female,mood
LG-R01-044,male,mood
LG-R01-044,female,mood
LG-R01-045,male,mood
LG-R01-045,female,mood
LG-R01-046,male,mood
LG-R01-046,female,mood
LG-R01-047,male,mood
LG-R01-047,female,mood
LG-R01-048,male,mood
LG-R01-048,female,mood
LG-R01-049,male,mood
LG-R01-049,female,mood
LG-R01-050,male,mood
LG-R01-050,female,mood
LG-R01-051,male,mood
LG-R01-051,female,mood
LG-R01-052,male,mood
LG-R01-052,female,mood
LG-R01-053,male,mood
LG-R01-053,female,mood
LG-R01-054,male,mood
LG-R01-054,female,mood
LG-R01-055,male,mood
LG-R01-055,female,mood
LG-R01-056,male,mood
LG-R01-056,female,mood
LG-R01-057,male,mood
LG-R01-057,female,mood
LG-R01-058,male,mood
LG-R01-058,female,mood
LG-R01-059,male,mood
LG-R01-059,female,mood
LG-R01-060,male,mood
LG-R01-060,female,mood
LG-R01-061,male,mood
LG-R01-061,female,mood
LG-R01-062,male,mood
LG-R01-062,female,mood
LG-R01-063,male,mood
LG-R01-063,female,mood
LG-R01-064,male,mood
LG-R01-064,female,mood
LG-R01-065,male,mood
LG-R01-065,female,mood
LG-R01-066,male,mood
LG-R01-066,female,mood
LG-R01-067,male,mood
LG-R01-067,female,mood
LG-R01-068,male,mood
LG-R01-068,female,mood
LG-R01-069,male,mood
LG-R01-069,female,mood
LG-R01-070,male,mood
LG-R01-070,female,mood
LG-R01-071,male,mood
LG-R01-071,female,mood
LG-R01-072,male,mood
LG-R01-072,female,mood
LG-R01-073,male,mood
LG-R01-073,female,mood
LG-R01-074,male,mood
LG-R01-074,female,mood
LG-R01-075,male,mood
LG-R01-075,female,mood
LG-R01-076,male,mood
LG-R01-076,female,mood
